ticker,theme,entry_date,exit_date,bars_held,opt_ret,exit_reason,cost,bto_close,stc_close,z_bto,z_stc,sh20,sh50,broken_level,pct_above_broken,pattern
LLY,biotech,2022-05-25,2022-05-27,2,-0.4131,disaster,1179.13,307.01,323.48,1.025,1.81,309.44,314.0,,,B
VST,critical_power,2022-05-27,2022-06-13,10,0.4724,sigma_target,199.93,26.31,23.5,1.25,-1.71,27.1,27.1,,,B
XPEV,ev_mobility,2022-06-23,2022-07-22,20,0.7216,sigma_target,437.27,32.97,24.92,1.327,-0.11,27.75,31.56,31.56,0.0447,A
PYPL,fintech,2022-07-27,2022-08-03,5,-0.4737,disaster,816.46,86.42,97.92,2.632,3.616,84.13,89.32,84.13,0.0272,AB
AFRM,fintech,2022-08-03,2022-08-16,9,-0.4713,disaster,643.48,31.89,39.91,1.346,2.226,30.73,31.08,31.08,0.0261,A
NIO,ev_mobility,2022-06-23,2022-08-26,45,-0.1627,time_stop,401.0,23.05,19.92,2.683,1.36,20.45,23.98,20.45,0.1271,A
CCJ,critical_power,2022-09-07,2022-09-23,12,0.4272,sigma_target,329.36,29.42,25.29,1.439,-0.131,29.95,29.95,,,B
BIIB,biotech,2022-08-18,2022-09-28,28,-0.9997,disaster,477.44,216.34,276.61,1.848,5.322,222.82,222.82,,,B
ABNB,consumer_apps,2022-10-21,2022-11-02,8,1.6389,sigma_target,793.42,119.95,94.41,1.548,-0.358,122.26,129.38,,,B
ALNY,biotech,2022-11-03,2022-11-30,18,-0.3494,disaster,1279.67,215.72,220.59,1.01,0.708,216.89,228.05,,,B
NFLX,tech_mega,2022-09-28,2022-12-01,45,-0.9823,time_stop,212.86,24.52,31.69,2.008,1.86,25.05,25.2,,,B
ALNY,biotech,2022-12-02,2022-12-16,10,-0.1703,disaster,1869.18,234.4,236.92,1.038,0.785,222.59,222.59,222.59,0.0531,A
AMAT,ai_compute,2022-11-30,2023-01-11,28,-0.3545,disaster,1011.68,109.6,110.06,2.996,2.104,112.12,112.12,,,B
PINS,consumer_apps,2023-01-11,2023-02-17,26,0.1386,sigma_target,257.99,27.01,24.43,1.539,-0.044,26.89,26.89,26.89,0.0045,B
NVO,biotech,2022-12-29,2023-03-07,45,-0.9975,time_stop,74.21,67.6,71.96,2.237,1.125,67.6,67.6,67.6,0.0001,B
DUOL,user_trades,2023-03-08,2023-03-21,9,-0.2201,disaster,1731.04,126.5,132.12,2.916,2.687,121.33,121.33,121.33,0.0426,A
RTX,space_defense,2023-02-22,2023-04-26,44,-0.2842,sigma_target,95.55,100.51,97.68,1.104,-0.287,102.06,103.95,,,B
AAPL,user_trades,2023-03-21,2023-05-08,33,-0.9541,disaster,317.01,159.28,173.5,1.654,1.68,156.33,157.38,157.38,0.0121,AB
ABNB,consumer_apps,2023-05-08,2023-05-11,3,1.3926,sigma_target,460.37,125.65,111.2,1.065,-0.118,125.94,144.63,,,B
AMZN,tech_mega,2023-04-27,2023-05-26,21,-0.7315,disaster,469.57,109.82,120.11,1.551,2.019,108.15,108.15,108.15,0.0154,AB
ANET,ai_compute,2023-05-26,2023-06-07,7,0.1593,sigma_target,563.7,42.59,38.9,1.012,-0.255,40.52,42.86,40.52,0.051,A
AMZN,tech_mega,2023-06-08,2023-07-13,23,-0.7742,disaster,438.23,124.25,134.3,1.957,1.769,126.39,126.39,,,B
GOOG,user_trades,2023-05-15,2023-07-13,40,-0.9171,disaster,339.7,116.96,124.83,2.535,1.297,110.6,110.6,110.6,0.0576,A
HOOD,user_trades,2023-07-13,2023-08-17,25,1.519,sigma_target,73.1,12.45,10.07,3.066,-0.05,10.91,10.91,10.91,0.1412,A
CCJ,critical_power,2023-07-13,2023-09-15,45,-0.9996,time_stop,119.28,32.34,40.3,1.462,2.011,33.0,33.0,,,B
ACHR,ev_mobility,2023-08-21,2023-09-25,24,0.3798,sigma_target,141.25,7.0,5.03,2.319,-0.035,7.1,7.1,,,B
CRWD,ai_software,2023-10-09,2023-11-03,19,-0.441,disaster,827.92,181.82,188.24,1.165,0.825,172.64,172.64,172.64,0.0532,A
CEG,critical_power,2023-10-06,2023-11-06,21,-0.9041,disaster,345.55,110.17,124.73,1.142,1.629,112.92,112.92,,,B
KLAC,ai_compute,2023-11-10,2023-11-14,2,-0.2289,disaster,1915.72,534.25,545.44,1.114,1.356,506.92,520.19,520.19,0.027,A
DELL,ai_compute,2023-11-10,2023-12-01,14,0.0553,sigma_target,179.24,73.5,71.93,1.017,-0.026,72.3,72.82,72.82,0.0093,B
PINS,consumer_apps,2023-11-14,2024-01-09,37,-0.8184,disaster,368.98,32.17,37.79,2.002,1.794,31.62,31.62,31.62,0.0175,AB
CLSK,crypto,2023-12-01,2024-01-17,30,-0.345,sigma_target,154.16,7.64,7.36,1.312,-0.067,5.75,5.75,5.75,0.3287,A
CCJ,critical_power,2024-01-12,2024-01-22,5,0.3979,sigma_target,310.12,49.92,46.18,1.369,-0.098,46.95,46.95,46.95,0.0633,A
LMT,space_defense,2024-01-18,2024-01-24,4,2.1805,sigma_target,390.09,459.57,431.65,1.501,-0.307,464.1,464.1,,,B
AMAT,ai_compute,2024-01-24,2024-02-09,12,-0.5397,disaster,765.42,174.14,185.84,1.477,2.116,165.01,165.01,165.01,0.0553,A
DDOG,ai_software,2024-01-22,2024-02-21,21,0.3035,sigma_target,459.03,132.98,125.84,1.076,-0.061,124.89,124.89,124.89,0.0648,A
ABNB,consumer_apps,2024-02-22,2024-03-06,9,-0.3853,disaster,968.92,155.26,163.87,1.111,1.51,158.27,158.27,,,B
AMZN,tech_mega,2024-02-09,2024-03-14,23,-0.4809,disaster,679.07,174.45,178.75,1.118,0.708,172.5,172.5,172.5,0.0113,AB
DASH,consumer_apps,2024-03-12,2024-03-20,6,-0.3362,disaster,905.42,130.45,137.91,1.461,1.797,134.43,134.43,,,B
ANET,ai_compute,2024-03-20,2024-04-10,14,0.01,sigma_target,386.11,74.14,72.06,1.121,-0.308,72.82,73.17,73.17,0.0134,AB
AMZN,tech_mega,2024-04-11,2024-04-18,5,1.3173,sigma_target,224.53,189.05,179.22,1.08,-0.09,186.27,186.27,186.27,0.0149,AB
LYFT,consumer_apps,2024-03-20,2024-04-19,21,0.7434,sigma_target,152.8,19.2,16.15,2.12,-0.282,19.42,19.42,,,B
NOC,space_defense,2024-04-25,2024-05-03,6,0.7065,sigma_target,720.24,488.06,469.09,1.364,-0.032,480.75,480.75,480.75,0.0152,AB
BIIB,biotech,2024-05-03,2024-05-14,7,-0.4486,disaster,712.69,217.51,226.88,1.009,1.899,218.86,230.22,,,B
LMT,space_defense,2024-04-22,2024-05-31,28,-0.7909,disaster,391.59,461.33,470.34,1.734,1.435,459.3,459.3,459.3,0.0044,B
AAPL,user_trades,2024-05-14,2024-06-05,15,-0.5785,disaster,518.69,187.43,195.87,1.085,1.859,187.0,187.0,187.0,0.0023,B
GOOG,user_trades,2024-06-04,2024-07-24,34,-0.549,sigma_target,173.08,175.13,174.37,1.443,-0.427,179.95,179.95,,,B
NOC,space_defense,2024-07-26,2024-08-01,4,-0.3522,disaster,1178.65,480.3,493.36,1.209,1.752,445.86,480.73,445.86,0.0772,A
AAPL,user_trades,2024-06-05,2024-08-09,45,-1.0,time_stop,166.26,195.87,216.24,1.859,0.922,193.0,193.0,193.0,0.0149,AB
PYPL,fintech,2024-08-15,2024-09-19,24,-0.7775,disaster,438.44,67.94,77.57,1.294,2.603,67.3,68.3,67.3,0.0095,B
ASTS,space_defense,2024-08-15,2024-10-18,45,-0.3437,time_stop,632.79,31.36,28.14,2.569,0.428,23.04,23.04,23.04,0.3611,A
BWXT,critical_power,2024-10-02,2024-12-05,45,-0.9969,time_stop,268.09,113.28,127.97,1.165,0.775,108.25,108.25,108.25,0.0465,A
PYPL,fintech,2024-10-18,2024-12-23,45,-0.9652,time_stop,226.17,80.94,86.9,1.811,0.731,82.0,82.0,,,B
AFRM,fintech,2024-12-06,2025-02-07,41,-0.6121,disaster,1153.96,71.88,75.22,2.491,1.288,72.1,72.1,,,B
ABNB,consumer_apps,2025-02-07,2025-02-14,5,-0.9217,disaster,425.14,134.98,161.42,1.098,3.331,138.1,141.75,,,B
LCID,ev_mobility,2025-02-18,2025-02-24,4,0.7908,sigma_target,390.48,34.8,27.8,1.271,-0.159,32.3,36.4,32.3,0.0774,A
ACHR,ev_mobility,2024-12-24,2025-03-04,45,0.1131,time_stop,217.92,10.8,7.98,3.495,0.25,10.58,10.58,10.58,0.0208,AB
MP,user_trades,2025-03-05,2025-04-04,22,0.1846,sigma_target,266.88,25.66,23.06,1.439,-0.042,26.0,26.0,,,B
QBTS,quantum,2025-03-14,2025-04-04,15,0.7654,sigma_target,204.81,10.15,6.34,1.404,-0.001,8.22,11.41,8.22,0.2351,A
UBER,consumer_apps,2025-04-24,2025-05-06,8,-0.4152,disaster,754.88,78.1,85.83,1.013,2.025,77.58,82.1,77.58,0.0067,B
NFLX,tech_mega,2025-04-28,2025-05-15,13,-0.4055,disaster,790.4,111.04,117.8,1.015,1.237,106.5,106.5,106.5,0.0426,A
BIIB,biotech,2025-05-22,2025-06-10,12,-0.6081,disaster,506.01,126.3,135.49,1.791,3.305,125.77,157.09,125.77,0.0042,B
BWXT,critical_power,2025-06-11,2025-06-27,11,-0.434,disaster,730.52,135.8,143.19,1.563,1.745,130.44,130.44,130.44,0.0411,A
LYFT,consumer_apps,2025-05-09,2025-07-16,45,-0.2676,time_stop,247.56,16.65,14.93,2.068,0.113,13.21,14.02,14.02,0.1872,A
CCJ,critical_power,2025-06-30,2025-08-12,30,-0.5951,disaster,509.25,74.23,78.43,2.21,1.234,72.79,72.79,72.79,0.0198,AB
ASTS,space_defense,2025-07-16,2025-09-08,37,0.5706,sigma_target,646.69,52.63,40.77,2.208,-0.146,54.05,54.05,,,B
LRCX,ai_compute,2025-09-08,2025-09-12,4,-0.5822,disaster,561.01,105.07,116.96,1.169,2.065,108.02,108.02,,,B
MU,ai_compute,2025-09-12,2025-09-18,4,-0.3922,disaster,1063.77,157.23,168.89,2.507,2.689,132.26,132.26,132.26,0.1888,A
AMAT,ai_compute,2025-09-18,2025-09-22,2,-0.4328,disaster,759.7,189.76,200.52,1.548,2.042,191.14,201.11,,,B
CCJ,critical_power,2025-08-12,2025-10-15,45,-0.9992,time_stop,235.78,78.43,93.46,1.234,1.114,80.32,80.32,,,B
AAPL,user_trades,2025-09-22,2025-10-20,20,-0.4714,disaster,757.11,256.08,262.24,2.771,2.082,241.32,241.32,241.32,0.0612,A
LMT,space_defense,2025-10-20,2025-11-10,15,4.8236,sigma_target,488.27,505.9,452.1,1.917,-0.222,516.0,516.0,,,B
AAPL,user_trades,2025-11-10,2025-12-02,15,-0.8184,disaster,388.1,269.43,286.19,1.695,1.739,277.32,277.32,,,B
WULF,crypto,2025-10-28,2025-12-17,35,0.6463,sigma_target,234.29,15.94,11.57,1.757,-0.185,16.19,16.19,,,B
ABNB,consumer_apps,2025-12-15,2026-01-13,19,-0.6558,disaster,480.52,131.81,140.07,1.186,1.657,125.81,130.05,130.05,0.0135,A
NVO,biotech,2025-12-23,2026-02-04,28,0.2662,sigma_target,299.2,51.61,47.19,1.061,-0.159,50.75,60.9,50.75,0.0169,AB
BIIB,biotech,2026-02-04,2026-02-06,2,-0.5028,disaster,885.34,185.45,201.18,1.046,1.913,190.2,190.2,,,B
BIIB,biotech,2026-02-11,2026-02-23,7,-0.2449,disaster,1257.44,191.2,196.34,1.166,1.153,190.2,190.2,190.2,0.0053,B
BNTX,biotech,2026-01-21,2026-03-03,28,0.7855,sigma_target,767.3,118.0,100.76,2.345,-0.673,109.28,113.39,113.39,0.0407,A
ANET,ai_compute,2026-04-22,2026-05-06,10,0.8273,sigma_target,1568.17,177.73,147.06,1.032,-0.532,161.01,161.01,161.01,0.1038,A
